Task_ID,Task_Description,Priority,Status,Assignee,Created_Date,Deadline,Days_to_Deadline,Tokens
1,Write documentation - implement and test. Notes: low risk,Medium,Completed,Charlie,2025-09-18,2025-09-24,-31,"['write', 'documentation', 'implement', 'test', 'notes', 'low', 'risk']"
2,Write documentation - implement and test. Notes: bugfix,High,Completed,Emma,2025-10-15,2025-10-16,-9,"['write', 'documentation', 'implement', 'test', 'notes', 'bugfix']"
3,Optimize database queries - implement and test. Notes: bugfix,Low,In Progress,Emma,2025-09-04,2025-09-24,-31,"['optimize', 'database', 'queries', 'implement', 'test', 'notes', 'bugfix']"
4,Test payment flow - implement and test. Notes: low risk,Medium,In Progress,Bob,2025-08-29,2025-08-31,-55,"['test', 'payment', 'flow', 'implement', 'test', 'notes', 'low', 'risk']"
5,Test payment flow - implement and test. Notes: urgent,Medium,Pending,Bob,2025-10-21,2025-10-28,3,"['test', 'payment', 'flow', 'implement', 'test', 'notes', 'urgent']"
6,Test payment flow - implement and test. Notes: refactor,High,In Progress,Emma,2025-10-13,2025-10-20,-5,"['test', 'payment', 'flow', 'implement', 'test', 'notes', 'refactor']"
7,Optimize database queries - implement and test. Notes: low risk,Medium,Completed,Bob,2025-10-14,2025-10-30,5,"['optimize', 'database', 'queries', 'implement', 'test', 'notes', 'low', 'risk']"
8,Refactor legacy code - implement and test. Notes: bugfix,High,In Progress,Bob,2025-09-15,2025-10-09,-16,"['refactor', 'legacy', 'code', 'implement', 'test', 'notes', 'bugfix']"
9,Optimize database queries - implement and test. Notes: refactor,Low,Completed,Bob,2025-09-26,2025-10-24,-1,"['optimize', 'database', 'queries', 'implement', 'test', 'notes', 'refactor']"
10,Fix login bug - implement and test. Notes: refactor,Medium,Completed,Emma,2025-08-25,2025-09-09,-46,"['fix', 'login', 'bug', 'implement', 'test', 'notes', 'refactor']"
11,Update API endpoint - implement and test. Notes: urgent,Low,Completed,David,2025-10-08,2025-11-01,7,"['update', 'api', 'endpoint', 'implement', 'test', 'notes', 'urgent']"
12,Test payment flow - implement and test. Notes: enhancement,Medium,Pending,David,2025-08-25,2025-09-13,-42,"['test', 'payment', 'flow', 'implement', 'test', 'notes', 'enhancement']"
13,Research new feature - implement and test. Notes: bugfix,Low,In Progress,David,2025-10-05,2025-10-24,-1,"['research', 'new', 'feature', 'implement', 'test', 'notes', 'bugfix']"
14,Update API endpoint - implement and test. Notes: urgent,Low,In Progress,Alice,2025-10-11,2025-10-24,-1,"['update', 'api', 'endpoint', 'implement', 'test', 'notes', 'urgent']"
15,Set up CI/CD pipeline - implement and test. Notes: enhancement,Low,In Progress,Alice,2025-10-07,2025-10-23,-2,"['set', 'ci', 'cd', 'pipeline', 'implement', 'test', 'notes', 'enhancement']"
16,Optimize database queries - implement and test. Notes: bugfix,High,Pending,Bob,2025-10-17,2025-10-28,3,"['optimize', 'database', 'queries', 'implement', 'test', 'notes', 'bugfix']"
17,Set up CI/CD pipeline - implement and test. Notes: urgent,Medium,Pending,David,2025-10-10,2025-11-06,12,"['set', 'ci', 'cd', 'pipeline', 'implement', 'test', 'notes', 'urgent']"
18,Research new feature - implement and test. Notes: low risk,Medium,In Progress,Bob,2025-10-01,2025-10-06,-19,"['research', 'new', 'feature', 'implement', 'test', 'notes', 'low', 'risk']"
19,Update API endpoint - implement and test. Notes: enhancement,Low,Completed,Bob,2025-09-19,2025-10-11,-14,"['update', 'api', 'endpoint', 'implement', 'test', 'notes', 'enhancement']"
20,Refactor legacy code - implement and test. Notes: bugfix,Low,In Progress,Alice,2025-10-08,2025-11-07,13,"['refactor', 'legacy', 'code', 'implement', 'test', 'notes', 'bugfix']"
21,Write documentation - implement and test. Notes: refactor,Low,In Progress,Emma,2025-10-16,2025-11-08,14,"['write', 'documentation', 'implement', 'test', 'notes', 'refactor']"
22,Design dashboard UI - implement and test. Notes: enhancement,Medium,In Progress,Charlie,2025-09-27,2025-10-07,-18,"['design', 'dashboard', 'ui', 'implement', 'test', 'notes', 'enhancement']"
23,Test payment flow - implement and test. Notes: bugfix,Medium,Completed,Alice,2025-10-22,2025-10-25,0,"['test', 'payment', 'flow', 'implement', 'test', 'notes', 'bugfix']"
24,Set up CI/CD pipeline - implement and test. Notes: urgent,Medium,Completed,Bob,2025-09-13,2025-10-04,-21,"['set', 'ci', 'cd', 'pipeline', 'implement', 'test', 'notes', 'urgent']"
25,Design dashboard UI - implement and test. Notes: low risk,Medium,Pending,Charlie,2025-09-11,2025-09-20,-35,"['design', 'dashboard', 'ui', 'implement', 'test', 'notes', 'low', 'risk']"
26,Test payment flow - implement and test. Notes: refactor,High,Completed,Bob,2025-10-17,2025-11-12,18,"['test', 'payment', 'flow', 'implement', 'test', 'notes', 'refactor']"
27,Set up CI/CD pipeline - implement and test. Notes: urgent,Low,In Progress,Charlie,2025-09-22,2025-09-30,-25,"['set', 'ci', 'cd', 'pipeline', 'implement', 'test', 'notes', 'urgent']"
28,Optimize database queries - implement and test. Notes: urgent,Medium,In Progress,David,2025-09-02,2025-09-29,-26,"['optimize', 'database', 'queries', 'implement', 'test', 'notes', 'urgent']"
29,Design dashboard UI - implement and test. Notes: refactor,Low,Completed,David,2025-10-18,2025-10-22,-3,"['design', 'dashboard', 'ui', 'implement', 'test', 'notes', 'refactor']"
30,Test payment flow - implement and test. Notes: urgent,Medium,In Progress,Charlie,2025-10-02,2025-10-28,3,"['test', 'payment', 'flow', 'implement', 'test', 'notes', 'urgent']"
31,Write documentation - implement and test. Notes: urgent,Low,In Progress,Charlie,2025-08-28,2025-09-06,-49,"['write', 'documentation', 'implement', 'test', 'notes', 'urgent']"
32,Update API endpoint - implement and test. Notes: low risk,High,In Progress,David,2025-09-11,2025-09-25,-30,"['update', 'api', 'endpoint', 'implement', 'test', 'notes', 'low', 'risk']"
33,Set up CI/CD pipeline - implement and test. Notes: bugfix,High,Completed,Bob,2025-10-17,2025-10-18,-7,"['set', 'ci', 'cd', 'pipeline', 'implement', 'test', 'notes', 'bugfix']"
34,Design dashboard UI - implement and test. Notes: refactor,Medium,Pending,Emma,2025-10-03,2025-10-29,4,"['design', 'dashboard', 'ui', 'implement', 'test', 'notes', 'refactor']"
35,Update API endpoint - implement and test. Notes: enhancement,Medium,In Progress,Bob,2025-10-12,2025-11-10,16,"['update', 'api', 'endpoint', 'implement', 'test', 'notes', 'enhancement']"
36,Test payment flow - implement and test. Notes: bugfix,Low,Completed,David,2025-10-06,2025-10-24,-1,"['test', 'payment', 'flow', 'implement', 'test', 'notes', 'bugfix']"
37,Write documentation - implement and test. Notes: bugfix,Medium,Completed,Alice,2025-09-09,2025-09-18,-37,"['write', 'documentation', 'implement', 'test', 'notes', 'bugfix']"
38,Optimize database queries - implement and test. Notes: refactor,Medium,Pending,Alice,2025-10-14,2025-10-19,-6,"['optimize', 'database', 'queries', 'implement', 'test', 'notes', 'refactor']"
39,Design dashboard UI - implement and test. Notes: enhancement,Medium,Pending,Emma,2025-08-29,2025-09-18,-37,"['design', 'dashboard', 'ui', 'implement', 'test', 'notes', 'enhancement']"
40,Research new feature - implement and test. Notes: urgent,Low,Pending,Alice,2025-09-04,2025-09-26,-29,"['research', 'new', 'feature', 'implement', 'test', 'notes', 'urgent']"
41,Design dashboard UI - implement and test. Notes: low risk,Low,In Progress,Bob,2025-08-27,2025-09-23,-32,"['design', 'dashboard', 'ui', 'implement', 'test', 'notes', 'low', 'risk']"
42,Refactor legacy code - implement and test. Notes: urgent,Low,In Progress,Emma,2025-08-30,2025-09-03,-52,"['refactor', 'legacy', 'code', 'implement', 'test', 'notes', 'urgent']"
43,Set up CI/CD pipeline - implement and test. Notes: low risk,Low,Completed,Charlie,2025-10-13,2025-11-01,7,"['set', 'ci', 'cd', 'pipeline', 'implement', 'test', 'notes', 'low', 'risk']"
44,Refactor legacy code - implement and test. Notes: low risk,Medium,Completed,David,2025-08-25,2025-09-05,-50,"['refactor', 'legacy', 'code', 'implement', 'test', 'notes', 'low', 'risk']"
45,Deploy microservice - implement and test. Notes: urgent,Medium,In Progress,Emma,2025-09-28,2025-10-25,0,"['deploy', 'microservice', 'implement', 'test', 'notes', 'urgent']"
46,Test payment flow - implement and test. Notes: low risk,Medium,Completed,Bob,2025-09-08,2025-10-04,-21,"['test', 'payment', 'flow', 'implement', 'test', 'notes', 'low', 'risk']"
47,Design dashboard UI - implement and test. Notes: refactor,High,In Progress,Bob,2025-09-24,2025-10-08,-17,"['design', 'dashboard', 'ui', 'implement', 'test', 'notes', 'refactor']"
48,Design dashboard UI - implement and test. Notes: urgent,Low,Pending,David,2025-10-01,2025-10-08,-17,"['design', 'dashboard', 'ui', 'implement', 'test', 'notes', 'urgent']"
49,Write documentation - implement and test. Notes: enhancement,Medium,Completed,Charlie,2025-09-14,2025-09-29,-26,"['write', 'documentation', 'implement', 'test', 'notes', 'enhancement']"
50,Fix login bug - implement and test. Notes: urgent,Medium,Pending,Alice,2025-09-03,2025-09-19,-36,"['fix', 'login', 'bug', 'implement', 'test', 'notes', 'urgent']"
51,Design dashboard UI - implement and test. Notes: bugfix,Medium,Completed,Emma,2025-10-18,2025-11-12,18,"['design', 'dashboard', 'ui', 'implement', 'test', 'notes', 'bugfix']"
52,Deploy microservice - implement and test. Notes: low risk,Low,In Progress,Bob,2025-10-15,2025-11-08,14,"['deploy', 'microservice', 'implement', 'test', 'notes', 'low', 'risk']"
53,Deploy microservice - implement and test. Notes: enhancement,Low,In Progress,David,2025-10-12,2025-10-18,-7,"['deploy', 'microservice', 'implement', 'test', 'notes', 'enhancement']"
54,Set up CI/CD pipeline - implement and test. Notes: refactor,Medium,Pending,David,2025-10-03,2025-10-29,4,"['set', 'ci', 'cd', 'pipeline', 'implement', 'test', 'notes', 'refactor']"
55,Deploy microservice - implement and test. Notes: enhancement,Medium,Completed,Charlie,2025-10-04,2025-11-02,8,"['deploy', 'microservice', 'implement', 'test', 'notes', 'enhancement']"
56,Design dashboard UI - implement and test. Notes: bugfix,Low,Completed,Emma,2025-10-03,2025-10-25,0,"['design', 'dashboard', 'ui', 'implement', 'test', 'notes', 'bugfix']"
57,Set up CI/CD pipeline - implement and test. Notes: enhancement,Medium,Completed,Charlie,2025-10-08,2025-11-01,7,"['set', 'ci', 'cd', 'pipeline', 'implement', 'test', 'notes', 'enhancement']"
58,Deploy microservice - implement and test. Notes: refactor,High,Completed,Emma,2025-10-03,2025-10-19,-6,"['deploy', 'microservice', 'implement', 'test', 'notes', 'refactor']"
59,Set up CI/CD pipeline - implement and test. Notes: low risk,Medium,In Progress,Bob,2025-08-25,2025-09-09,-46,"['set', 'ci', 'cd', 'pipeline', 'implement', 'test', 'notes', 'low', 'risk']"
60,Refactor legacy code - implement and test. Notes: refactor,Medium,Pending,Alice,2025-09-04,2025-09-22,-33,"['refactor', 'legacy', 'code', 'implement', 'test', 'notes', 'refactor']"
61,Optimize database queries - implement and test. Notes: refactor,Low,Pending,David,2025-10-08,2025-11-06,12,"['optimize', 'database', 'queries', 'implement', 'test', 'notes', 'refactor']"
62,Optimize database queries - implement and test. Notes: refactor,Medium,Completed,David,2025-09-29,2025-10-14,-11,"['optimize', 'database', 'queries', 'implement', 'test', 'notes', 'refactor']"
63,Optimize database queries - implement and test. Notes: urgent,High,In Progress,Bob,2025-09-08,2025-09-23,-32,"['optimize', 'database', 'queries', 'implement', 'test', 'notes', 'urgent']"
64,Set up CI/CD pipeline - implement and test. Notes: enhancement,Low,Pending,Emma,2025-10-19,2025-10-26,1,"['set', 'ci', 'cd', 'pipeline', 'implement', 'test', 'notes', 'enhancement']"
65,Refactor legacy code - implement and test. Notes: refactor,Low,Completed,Charlie,2025-09-14,2025-10-02,-23,"['refactor', 'legacy', 'code', 'implement', 'test', 'notes', 'refactor']"
66,Test payment flow - implement and test. Notes: bugfix,High,Pending,David,2025-10-01,2025-10-21,-4,"['test', 'payment', 'flow', 'implement', 'test', 'notes', 'bugfix']"
67,Test payment flow - implement and test. Notes: low risk,Medium,In Progress,Alice,2025-09-19,2025-10-16,-9,"['test', 'payment', 'flow', 'implement', 'test', 'notes', 'low', 'risk']"
68,Write documentation - implement and test. Notes: urgent,Low,Pending,Emma,2025-10-17,2025-10-21,-4,"['write', 'documentation', 'implement', 'test', 'notes', 'urgent']"
69,Optimize database queries - implement and test. Notes: refactor,Low,Completed,Alice,2025-10-22,2025-10-28,3,"['optimize', 'database', 'queries', 'implement', 'test', 'notes', 'refactor']"
70,Design dashboard UI - implement and test. Notes: enhancement,High,Pending,Emma,2025-09-12,2025-09-23,-32,"['design', 'dashboard', 'ui', 'implement', 'test', 'notes', 'enhancement']"
71,Research new feature - implement and test. Notes: refactor,Medium,Completed,Charlie,2025-10-12,2025-10-16,-9,"['research', 'new', 'feature', 'implement', 'test', 'notes', 'refactor']"
72,Optimize database queries - implement and test. Notes: urgent,High,Completed,Alice,2025-09-08,2025-09-12,-43,"['optimize', 'database', 'queries', 'implement', 'test', 'notes', 'urgent']"
73,Deploy microservice - implement and test. Notes: bugfix,Medium,Completed,Bob,2025-09-29,2025-10-19,-6,"['deploy', 'microservice', 'implement', 'test', 'notes', 'bugfix']"
74,Set up CI/CD pipeline - implement and test. Notes: bugfix,Medium,In Progress,Charlie,2025-09-04,2025-09-28,-27,"['set', 'ci', 'cd', 'pipeline', 'implement', 'test', 'notes', 'bugfix']"
75,Refactor legacy code - implement and test. Notes: urgent,Medium,In Progress,Emma,2025-10-08,2025-10-24,-1,"['refactor', 'legacy', 'code', 'implement', 'test', 'notes', 'urgent']"
76,Update API endpoint - implement and test. Notes: enhancement,High,In Progress,Emma,2025-09-17,2025-09-25,-30,"['update', 'api', 'endpoint', 'implement', 'test', 'notes', 'enhancement']"
77,Design dashboard UI - implement and test. Notes: refactor,High,Completed,Emma,2025-08-30,2025-09-14,-41,"['design', 'dashboard', 'ui', 'implement', 'test', 'notes', 'refactor']"
78,Write documentation - implement and test. Notes: urgent,Low,In Progress,Bob,2025-09-23,2025-09-27,-28,"['write', 'documentation', 'implement', 'test', 'notes', 'urgent']"
79,Set up CI/CD pipeline - implement and test. Notes: low risk,Medium,Pending,David,2025-09-21,2025-10-12,-13,"['set', 'ci', 'cd', 'pipeline', 'implement', 'test', 'notes', 'low', 'risk']"
80,Set up CI/CD pipeline - implement and test. Notes: refactor,Medium,Completed,David,2025-09-16,2025-09-26,-29,"['set', 'ci', 'cd', 'pipeline', 'implement', 'test', 'notes', 'refactor']"
81,Design dashboard UI - implement and test. Notes: refactor,Medium,Completed,Charlie,2025-10-06,2025-11-03,9,"['design', 'dashboard', 'ui', 'implement', 'test', 'notes', 'refactor']"
82,Set up CI/CD pipeline - implement and test. Notes: refactor,High,In Progress,Alice,2025-09-04,2025-09-20,-35,"['set', 'ci', 'cd', 'pipeline', 'implement', 'test', 'notes', 'refactor']"
83,Optimize database queries - implement and test. Notes: enhancement,Medium,Pending,Bob,2025-10-09,2025-10-26,1,"['optimize', 'database', 'queries', 'implement', 'test', 'notes', 'enhancement']"
84,Refactor legacy code - implement and test. Notes: low risk,Low,Completed,Alice,2025-09-04,2025-09-27,-28,"['refactor', 'legacy', 'code', 'implement', 'test', 'notes', 'low', 'risk']"
85,Design dashboard UI - implement and test. Notes: enhancement,Medium,Completed,David,2025-08-31,2025-09-26,-29,"['design', 'dashboard', 'ui', 'implement', 'test', 'notes', 'enhancement']"
86,Research new feature - implement and test. Notes: bugfix,Low,Pending,Emma,2025-09-11,2025-10-05,-20,"['research', 'new', 'feature', 'implement', 'test', 'notes', 'bugfix']"
87,Write documentation - implement and test. Notes: enhancement,Medium,Completed,Bob,2025-09-28,2025-10-14,-11,"['write', 'documentation', 'implement', 'test', 'notes', 'enhancement']"
88,Refactor legacy code - implement and test. Notes: urgent,Low,Pending,Charlie,2025-09-03,2025-09-09,-46,"['refactor', 'legacy', 'code', 'implement', 'test', 'notes', 'urgent']"
89,Update API endpoint - implement and test. Notes: urgent,High,Completed,Bob,2025-08-26,2025-09-22,-33,"['update', 'api', 'endpoint', 'implement', 'test', 'notes', 'urgent']"
90,Fix login bug - implement and test. Notes: enhancement,Low,Completed,Alice,2025-09-01,2025-09-26,-29,"['fix', 'login', 'bug', 'implement', 'test', 'notes', 'enhancement']"
91,Research new feature - implement and test. Notes: bugfix,Medium,In Progress,David,2025-10-06,2025-10-26,1,"['research', 'new', 'feature', 'implement', 'test', 'notes', 'bugfix']"
92,Research new feature - implement and test. Notes: low risk,Medium,Completed,Charlie,2025-09-25,2025-10-11,-14,"['research', 'new', 'feature', 'implement', 'test', 'notes', 'low', 'risk']"
93,Research new feature - implement and test. Notes: bugfix,Medium,Completed,David,2025-09-19,2025-10-19,-6,"['research', 'new', 'feature', 'implement', 'test', 'notes', 'bugfix']"
94,Test payment flow - implement and test. Notes: refactor,Medium,Pending,Charlie,2025-10-10,2025-10-19,-6,"['test', 'payment', 'flow', 'implement', 'test', 'notes', 'refactor']"
95,Research new feature - implement and test. Notes: refactor,Medium,In Progress,Charlie,2025-08-26,2025-09-09,-46,"['research', 'new', 'feature', 'implement', 'test', 'notes', 'refactor']"
96,Optimize database queries - implement and test. Notes: urgent,Low,Completed,Alice,2025-10-17,2025-11-16,22,"['optimize', 'database', 'queries', 'implement', 'test', 'notes', 'urgent']"
97,Research new feature - implement and test. Notes: urgent,Medium,Pending,Bob,2025-10-02,2025-10-23,-2,"['research', 'new', 'feature', 'implement', 'test', 'notes', 'urgent']"
98,Research new feature - implement and test. Notes: low risk,Medium,Completed,Alice,2025-08-31,2025-09-24,-31,"['research', 'new', 'feature', 'implement', 'test', 'notes', 'low', 'risk']"
99,Write documentation - implement and test. Notes: bugfix,Medium,Completed,Emma,2025-08-29,2025-09-06,-49,"['write', 'documentation', 'implement', 'test', 'notes', 'bugfix']"
100,Write documentation - implement and test. Notes: low risk,Low,Completed,Charlie,2025-09-30,2025-10-04,-21,"['write', 'documentation', 'implement', 'test', 'notes', 'low', 'risk']"
101,Set up CI/CD pipeline - implement and test. Notes: enhancement,Low,Pending,Emma,2025-09-12,2025-09-25,-30,"['set', 'ci', 'cd', 'pipeline', 'implement', 'test', 'notes', 'enhancement']"
102,Write documentation - implement and test. Notes: bugfix,Low,In Progress,Alice,2025-09-17,2025-09-24,-31,"['write', 'documentation', 'implement', 'test', 'notes', 'bugfix']"
103,Set up CI/CD pipeline - implement and test. Notes: bugfix,Medium,Pending,Emma,2025-10-04,2025-10-24,-1,"['set', 'ci', 'cd', 'pipeline', 'implement', 'test', 'notes', 'bugfix']"
104,Research new feature - implement and test. Notes: refactor,Medium,Completed,Alice,2025-09-24,2025-10-20,-5,"['research', 'new', 'feature', 'implement', 'test', 'notes', 'refactor']"
105,Design dashboard UI - implement and test. Notes: bugfix,Medium,Pending,Alice,2025-09-28,2025-10-12,-13,"['design', 'dashboard', 'ui', 'implement', 'test', 'notes', 'bugfix']"
106,Fix login bug - implement and test. Notes: bugfix,Low,Pending,Emma,2025-10-10,2025-11-02,8,"['fix', 'login', 'bug', 'implement', 'test', 'notes', 'bugfix']"
107,Research new feature - implement and test. Notes: low risk,Low,In Progress,Emma,2025-08-31,2025-09-07,-48,"['research', 'new', 'feature', 'implement', 'test', 'notes', 'low', 'risk']"
108,Optimize database queries - implement and test. Notes: enhancement,Medium,Completed,Bob,2025-10-07,2025-10-12,-13,"['optimize', 'database', 'queries', 'implement', 'test', 'notes', 'enhancement']"
109,Fix login bug - implement and test. Notes: urgent,High,In Progress,Charlie,2025-09-12,2025-09-28,-27,"['fix', 'login', 'bug', 'implement', 'test', 'notes', 'urgent']"
110,Research new feature - implement and test. Notes: refactor,Medium,Completed,David,2025-09-15,2025-10-12,-13,"['research', 'new', 'feature', 'implement', 'test', 'notes', 'refactor']"
111,Fix login bug - implement and test. Notes: bugfix,Medium,Pending,Bob,2025-09-25,2025-10-04,-21,"['fix', 'login', 'bug', 'implement', 'test', 'notes', 'bugfix']"
112,Refactor legacy code - implement and test. Notes: urgent,Medium,Completed,Charlie,2025-09-29,2025-10-29,4,"['refactor', 'legacy', 'code', 'implement', 'test', 'notes', 'urgent']"
113,Test payment flow - implement and test. Notes: urgent,High,Pending,Alice,2025-09-04,2025-09-30,-25,"['test', 'payment', 'flow', 'implement', 'test', 'notes', 'urgent']"
114,Test payment flow - implement and test. Notes: bugfix,Low,Pending,Bob,2025-09-12,2025-09-17,-38,"['test', 'payment', 'flow', 'implement', 'test', 'notes', 'bugfix']"
115,Fix login bug - implement and test. Notes: enhancement,Low,In Progress,Emma,2025-09-21,2025-10-08,-17,"['fix', 'login', 'bug', 'implement', 'test', 'notes', 'enhancement']"
116,Research new feature - implement and test. Notes: low risk,High,Completed,Bob,2025-10-06,2025-11-02,8,"['research', 'new', 'feature', 'implement', 'test', 'notes', 'low', 'risk']"
117,Test payment flow - implement and test. Notes: enhancement,Medium,In Progress,Alice,2025-10-20,2025-10-23,-2,"['test', 'payment', 'flow', 'implement', 'test', 'notes', 'enhancement']"
118,Research new feature - implement and test. Notes: urgent,High,Completed,Alice,2025-10-21,2025-11-20,26,"['research', 'new', 'feature', 'implement', 'test', 'notes', 'urgent']"
119,Test payment flow - implement and test. Notes: refactor,Low,Completed,Bob,2025-08-27,2025-09-01,-54,"['test', 'payment', 'flow', 'implement', 'test', 'notes', 'refactor']"
120,Write documentation - implement and test. Notes: bugfix,Medium,In Progress,Emma,2025-09-06,2025-09-10,-45,"['write', 'documentation', 'implement', 'test', 'notes', 'bugfix']"
121,Design dashboard UI - implement and test. Notes: refactor,Medium,Completed,Emma,2025-09-22,2025-10-09,-16,"['design', 'dashboard', 'ui', 'implement', 'test', 'notes', 'refactor']"
122,Update API endpoint - implement and test. Notes: enhancement,Medium,In Progress,Bob,2025-10-13,2025-11-02,8,"['update', 'api', 'endpoint', 'implement', 'test', 'notes', 'enhancement']"
123,Refactor legacy code - implement and test. Notes: bugfix,Medium,Completed,David,2025-09-15,2025-10-04,-21,"['refactor', 'legacy', 'code', 'implement', 'test', 'notes', 'bugfix']"
124,Refactor legacy code - implement and test. Notes: bugfix,Medium,Completed,Charlie,2025-10-16,2025-10-22,-3,"['refactor', 'legacy', 'code', 'implement', 'test', 'notes', 'bugfix']"
125,Update API endpoint - implement and test. Notes: enhancement,Low,Pending,Emma,2025-09-13,2025-09-18,-37,"['update', 'api', 'endpoint', 'implement', 'test', 'notes', 'enhancement']"
126,Design dashboard UI - implement and test. Notes: bugfix,Low,Completed,David,2025-08-30,2025-09-14,-41,"['design', 'dashboard', 'ui', 'implement', 'test', 'notes', 'bugfix']"
127,Fix login bug - implement and test. Notes: refactor,Medium,In Progress,David,2025-10-20,2025-11-03,9,"['fix', 'login', 'bug', 'implement', 'test', 'notes', 'refactor']"
128,Test payment flow - implement and test. Notes: urgent,High,In Progress,Charlie,2025-10-12,2025-10-22,-3,"['test', 'payment', 'flow', 'implement', 'test', 'notes', 'urgent']"
129,Refactor legacy code - implement and test. Notes: urgent,Medium,Pending,Alice,2025-09-24,2025-10-12,-13,"['refactor', 'legacy', 'code', 'implement', 'test', 'notes', 'urgent']"
130,Test payment flow - implement and test. Notes: bugfix,Medium,In Progress,Emma,2025-10-19,2025-10-29,4,"['test', 'payment', 'flow', 'implement', 'test', 'notes', 'bugfix']"
131,Research new feature - implement and test. Notes: bugfix,Low,In Progress,Charlie,2025-09-15,2025-09-25,-30,"['research', 'new', 'feature', 'implement', 'test', 'notes', 'bugfix']"
132,Update API endpoint - implement and test. Notes: refactor,Low,In Progress,Alice,2025-09-13,2025-09-20,-35,"['update', 'api', 'endpoint', 'implement', 'test', 'notes', 'refactor']"
133,Refactor legacy code - implement and test. Notes: refactor,Medium,Pending,Bob,2025-08-30,2025-09-23,-32,"['refactor', 'legacy', 'code', 'implement', 'test', 'notes', 'refactor']"
134,Deploy microservice - implement and test. Notes: enhancement,Low,Pending,Bob,2025-10-15,2025-11-01,7,"['deploy', 'microservice', 'implement', 'test', 'notes', 'enhancement']"
135,Write documentation - implement and test. Notes: enhancement,Medium,In Progress,Alice,2025-10-16,2025-11-09,15,"['write', 'documentation', 'implement', 'test', 'notes', 'enhancement']"
136,Research new feature - implement and test. Notes: refactor,Low,In Progress,Alice,2025-10-10,2025-10-13,-12,"['research', 'new', 'feature', 'implement', 'test', 'notes', 'refactor']"
137,Optimize database queries - implement and test. Notes: refactor,High,In Progress,Alice,2025-09-21,2025-10-10,-15,"['optimize', 'database', 'queries', 'implement', 'test', 'notes', 'refactor']"
138,Set up CI/CD pipeline - implement and test. Notes: low risk,Low,In Progress,Emma,2025-10-18,2025-10-22,-3,"['set', 'ci', 'cd', 'pipeline', 'implement', 'test', 'notes', 'low', 'risk']"
139,Design dashboard UI - implement and test. Notes: bugfix,Medium,In Progress,Bob,2025-10-23,2025-11-04,10,"['design', 'dashboard', 'ui', 'implement', 'test', 'notes', 'bugfix']"
140,Deploy microservice - implement and test. Notes: low risk,Low,Completed,Alice,2025-09-10,2025-09-20,-35,"['deploy', 'microservice', 'implement', 'test', 'notes', 'low', 'risk']"
141,Test payment flow - implement and test. Notes: bugfix,Low,In Progress,Alice,2025-10-23,2025-11-04,10,"['test', 'payment', 'flow', 'implement', 'test', 'notes', 'bugfix']"
142,Research new feature - implement and test. Notes: bugfix,Low,Completed,David,2025-09-24,2025-10-18,-7,"['research', 'new', 'feature', 'implement', 'test', 'notes', 'bugfix']"
143,Design dashboard UI - implement and test. Notes: low risk,Medium,Pending,Alice,2025-09-13,2025-09-28,-27,"['design', 'dashboard', 'ui', 'implement', 'test', 'notes', 'low', 'risk']"
144,Fix login bug - implement and test. Notes: urgent,Low,Completed,David,2025-10-23,2025-11-06,12,"['fix', 'login', 'bug', 'implement', 'test', 'notes', 'urgent']"
145,Design dashboard UI - implement and test. Notes: enhancement,Medium,In Progress,David,2025-09-05,2025-09-19,-36,"['design', 'dashboard', 'ui', 'implement', 'test', 'notes', 'enhancement']"
146,Fix login bug - implement and test. Notes: bugfix,Medium,Pending,Charlie,2025-09-16,2025-10-03,-22,"['fix', 'login', 'bug', 'implement', 'test', 'notes', 'bugfix']"
147,Research new feature - implement and test. Notes: refactor,High,Pending,Emma,2025-09-29,2025-10-26,1,"['research', 'new', 'feature', 'implement', 'test', 'notes', 'refactor']"
148,Write documentation - implement and test. Notes: enhancement,Medium,Pending,Emma,2025-09-02,2025-09-17,-38,"['write', 'documentation', 'implement', 'test', 'notes', 'enhancement']"
149,Refactor legacy code - implement and test. Notes: enhancement,Medium,Pending,Charlie,2025-09-08,2025-10-07,-18,"['refactor', 'legacy', 'code', 'implement', 'test', 'notes', 'enhancement']"
150,Optimize database queries - implement and test. Notes: enhancement,Low,Completed,Emma,2025-10-11,2025-10-14,-11,"['optimize', 'database', 'queries', 'implement', 'test', 'notes', 'enhancement']"
151,Optimize database queries - implement and test. Notes: urgent,Low,In Progress,David,2025-10-16,2025-10-18,-7,"['optimize', 'database', 'queries', 'implement', 'test', 'notes', 'urgent']"
152,Design dashboard UI - implement and test. Notes: low risk,Medium,Completed,David,2025-09-17,2025-09-28,-27,"['design', 'dashboard', 'ui', 'implement', 'test', 'notes', 'low', 'risk']"
153,Set up CI/CD pipeline - implement and test. Notes: refactor,High,In Progress,Charlie,2025-10-13,2025-10-25,0,"['set', 'ci', 'cd', 'pipeline', 'implement', 'test', 'notes', 'refactor']"
154,Fix login bug - implement and test. Notes: refactor,Medium,In Progress,David,2025-10-13,2025-10-19,-6,"['fix', 'login', 'bug', 'implement', 'test', 'notes', 'refactor']"
155,Fix login bug - implement and test. Notes: low risk,Medium,Pending,Charlie,2025-09-24,2025-10-03,-22,"['fix', 'login', 'bug', 'implement', 'test', 'notes', 'low', 'risk']"
156,Refactor legacy code - implement and test. Notes: refactor,Medium,In Progress,David,2025-08-26,2025-09-06,-49,"['refactor', 'legacy', 'code', 'implement', 'test', 'notes', 'refactor']"
157,Optimize database queries - implement and test. Notes: low risk,Low,In Progress,Alice,2025-09-20,2025-09-22,-33,"['optimize', 'database', 'queries', 'implement', 'test', 'notes', 'low', 'risk']"
158,Set up CI/CD pipeline - implement and test. Notes: low risk,Medium,Completed,Alice,2025-10-09,2025-10-23,-2,"['set', 'ci', 'cd', 'pipeline', 'implement', 'test', 'notes', 'low', 'risk']"
159,Design dashboard UI - implement and test. Notes: urgent,High,Completed,Alice,2025-10-18,2025-10-23,-2,"['design', 'dashboard', 'ui', 'implement', 'test', 'notes', 'urgent']"
160,Test payment flow - implement and test. Notes: refactor,Medium,In Progress,Charlie,2025-09-04,2025-09-13,-42,"['test', 'payment', 'flow', 'implement', 'test', 'notes', 'refactor']"
161,Set up CI/CD pipeline - implement and test. Notes: urgent,High,In Progress,Bob,2025-09-26,2025-10-08,-17,"['set', 'ci', 'cd', 'pipeline', 'implement', 'test', 'notes', 'urgent']"
162,Refactor legacy code - implement and test. Notes: enhancement,Low,Pending,Charlie,2025-10-04,2025-10-10,-15,"['refactor', 'legacy', 'code', 'implement', 'test', 'notes', 'enhancement']"
163,Research new feature - implement and test. Notes: refactor,Medium,Pending,Charlie,2025-09-22,2025-10-17,-8,"['research', 'new', 'feature', 'implement', 'test', 'notes', 'refactor']"
164,Deploy microservice - implement and test. Notes: refactor,Low,Completed,Alice,2025-10-16,2025-11-12,18,"['deploy', 'microservice', 'implement', 'test', 'notes', 'refactor']"
165,Design dashboard UI - implement and test. Notes: urgent,Low,Pending,Bob,2025-10-19,2025-11-10,16,"['design', 'dashboard', 'ui', 'implement', 'test', 'notes', 'urgent']"
166,Write documentation - implement and test. Notes: enhancement,Low,In Progress,Alice,2025-10-06,2025-10-19,-6,"['write', 'documentation', 'implement', 'test', 'notes', 'enhancement']"
167,Research new feature - implement and test. Notes: refactor,Medium,In Progress,Emma,2025-09-06,2025-09-08,-47,"['research', 'new', 'feature', 'implement', 'test', 'notes', 'refactor']"
168,Write documentation - implement and test. Notes: bugfix,High,Pending,David,2025-09-12,2025-09-23,-32,"['write', 'documentation', 'implement', 'test', 'notes', 'bugfix']"
169,Set up CI/CD pipeline - implement and test. Notes: enhancement,Low,Pending,Emma,2025-10-09,2025-10-31,6,"['set', 'ci', 'cd', 'pipeline', 'implement', 'test', 'notes', 'enhancement']"
170,Update API endpoint - implement and test. Notes: low risk,Low,Completed,Bob,2025-09-19,2025-10-09,-16,"['update', 'api', 'endpoint', 'implement', 'test', 'notes', 'low', 'risk']"
171,Set up CI/CD pipeline - implement and test. Notes: low risk,Low,In Progress,David,2025-10-18,2025-10-22,-3,"['set', 'ci', 'cd', 'pipeline', 'implement', 'test', 'notes', 'low', 'risk']"
172,Research new feature - implement and test. Notes: refactor,Low,Pending,Alice,2025-10-01,2025-10-08,-17,"['research', 'new', 'feature', 'implement', 'test', 'notes', 'refactor']"
173,Test payment flow - implement and test. Notes: urgent,Medium,Completed,Emma,2025-10-16,2025-10-19,-6,"['test', 'payment', 'flow', 'implement', 'test', 'notes', 'urgent']"
174,Deploy microservice - implement and test. Notes: low risk,Low,Completed,Emma,2025-10-21,2025-11-17,23,"['deploy', 'microservice', 'implement', 'test', 'notes', 'low', 'risk']"
175,Set up CI/CD pipeline - implement and test. Notes: refactor,Medium,Completed,Alice,2025-10-07,2025-10-25,0,"['set', 'ci', 'cd', 'pipeline', 'implement', 'test', 'notes', 'refactor']"
176,Deploy microservice - implement and test. Notes: low risk,Medium,In Progress,Charlie,2025-09-28,2025-10-01,-24,"['deploy', 'microservice', 'implement', 'test', 'notes', 'low', 'risk']"
177,Optimize database queries - implement and test. Notes: urgent,Medium,Completed,Bob,2025-10-05,2025-10-09,-16,"['optimize', 'database', 'queries', 'implement', 'test', 'notes', 'urgent']"
178,Test payment flow - implement and test. Notes: refactor,Medium,Pending,Emma,2025-09-12,2025-09-26,-29,"['test', 'payment', 'flow', 'implement', 'test', 'notes', 'refactor']"
179,Design dashboard UI - implement and test. Notes: low risk,Medium,Completed,Emma,2025-08-31,2025-09-18,-37,"['design', 'dashboard', 'ui', 'implement', 'test', 'notes', 'low', 'risk']"
180,Optimize database queries - implement and test. Notes: enhancement,Medium,Pending,Alice,2025-09-15,2025-10-15,-10,"['optimize', 'database', 'queries', 'implement', 'test', 'notes', 'enhancement']"
181,Set up CI/CD pipeline - implement and test. Notes: urgent,Medium,Pending,Alice,2025-09-02,2025-09-06,-49,"['set', 'ci', 'cd', 'pipeline', 'implement', 'test', 'notes', 'urgent']"
182,Refactor legacy code - implement and test. Notes: bugfix,Low,Completed,David,2025-09-03,2025-09-13,-42,"['refactor', 'legacy', 'code', 'implement', 'test', 'notes', 'bugfix']"
183,Refactor legacy code - implement and test. Notes: urgent,High,Pending,Emma,2025-09-13,2025-09-23,-32,"['refactor', 'legacy', 'code', 'implement', 'test', 'notes', 'urgent']"
184,Set up CI/CD pipeline - implement and test. Notes: urgent,Low,In Progress,Charlie,2025-09-14,2025-10-08,-17,"['set', 'ci', 'cd', 'pipeline', 'implement', 'test', 'notes', 'urgent']"
185,Fix login bug - implement and test. Notes: bugfix,Medium,Completed,Bob,2025-09-13,2025-10-08,-17,"['fix', 'login', 'bug', 'implement', 'test', 'notes', 'bugfix']"
186,Deploy microservice - implement and test. Notes: refactor,Medium,Pending,Bob,2025-09-17,2025-09-27,-28,"['deploy', 'microservice', 'implement', 'test', 'notes', 'refactor']"
187,Refactor legacy code - implement and test. Notes: urgent,Medium,In Progress,Charlie,2025-09-22,2025-09-30,-25,"['refactor', 'legacy', 'code', 'implement', 'test', 'notes', 'urgent']"
188,Deploy microservice - implement and test. Notes: low risk,Medium,Completed,Emma,2025-09-06,2025-09-09,-46,"['deploy', 'microservice', 'implement', 'test', 'notes', 'low', 'risk']"
189,Fix login bug - implement and test. Notes: bugfix,High,Pending,Emma,2025-10-08,2025-10-20,-5,"['fix', 'login', 'bug', 'implement', 'test', 'notes', 'bugfix']"
190,Test payment flow - implement and test. Notes: low risk,Medium,Completed,Emma,2025-09-06,2025-09-16,-39,"['test', 'payment', 'flow', 'implement', 'test', 'notes', 'low', 'risk']"
191,Update API endpoint - implement and test. Notes: refactor,Low,Completed,Alice,2025-10-10,2025-10-28,3,"['update', 'api', 'endpoint', 'implement', 'test', 'notes', 'refactor']"
192,Update API endpoint - implement and test. Notes: urgent,Low,Pending,Bob,2025-10-18,2025-10-29,4,"['update', 'api', 'endpoint', 'implement', 'test', 'notes', 'urgent']"
193,Refactor legacy code - implement and test. Notes: refactor,Low,Completed,Alice,2025-10-05,2025-10-23,-2,"['refactor', 'legacy', 'code', 'implement', 'test', 'notes', 'refactor']"
194,Update API endpoint - implement and test. Notes: bugfix,Low,Pending,Alice,2025-08-28,2025-09-04,-51,"['update', 'api', 'endpoint', 'implement', 'test', 'notes', 'bugfix']"
195,Fix login bug - implement and test. Notes: enhancement,Low,Pending,David,2025-10-01,2025-10-31,6,"['fix', 'login', 'bug', 'implement', 'test', 'notes', 'enhancement']"
196,Design dashboard UI - implement and test. Notes: bugfix,Medium,Pending,Bob,2025-09-18,2025-09-20,-35,"['design', 'dashboard', 'ui', 'implement', 'test', 'notes', 'bugfix']"
197,Fix login bug - implement and test. Notes: urgent,Medium,In Progress,Emma,2025-10-02,2025-10-13,-12,"['fix', 'login', 'bug', 'implement', 'test', 'notes', 'urgent']"
198,Test payment flow - implement and test. Notes: urgent,Low,In Progress,Emma,2025-09-05,2025-09-19,-36,"['test', 'payment', 'flow', 'implement', 'test', 'notes', 'urgent']"
199,Fix login bug - implement and test. Notes: refactor,Medium,In Progress,David,2025-09-08,2025-10-03,-22,"['fix', 'login', 'bug', 'implement', 'test', 'notes', 'refactor']"
200,Fix login bug - implement and test. Notes: enhancement,Low,Pending,Emma,2025-10-20,2025-10-25,0,"['fix', 'login', 'bug', 'implement', 'test', 'notes', 'enhancement']"
